<?xml version="1.0" encoding="utf-8"?>
<LinearLayout xmlns:android="http://schemas.android.com/apk/res/android"
    xmlns:app="http://schemas.android.com/apk/res-auto"
    xmlns:tools="http://schemas.android.com/tools"
    android:layout_width="match_parent"
    android:layout_height="match_parent"
    android:orientation="vertical"
    android:background="#BCE2D7"
    tools:context=".ui.login.LoginFragment">

    <TextView
        android:id="@+id/text_login"
        android:layout_width="match_parent"
        android:layout_height="wrap_content"
        android:gravity="center"
        android:layout_gravity="center"
        android:layout_marginTop="200dp"
        android:text="LOGIN"
        android:textSize="30sp"
        android:textStyle="bold"

        />

    <EditText
        android:id="@+id/edt_id"
        android:layout_width="300dp"
        android:layout_height="wrap_content"
        android:layout_gravity="center"
        android:layout_marginTop="30dp"
        android:hint="아이디를 입력하세요"
        android:padding="10dp"
        android:background="#C4C4C4"></EditText>
    <EditText
        android:id="@+id/edt_password"
        android:hint="비밀번호를 입력하세요"
        android:layout_width="300dp"
        android:layout_height="wrap_content"
        android:layout_gravity="center"
        android:layout_marginTop="30dp"
        android:padding="10dp"
        android:background="#C4C4C4"></EditText>
    <LinearLayout
        android:layout_width="wrap_content"
        android:layout_height="wrap_content"
        android:layout_gravity="center"
        android:layout_marginTop="30dp"
        android:orientation="horizontal">

        <Button
            android:layout_width="100dp"
            android:padding="10dp"
            android:hint="회원가입"
            android:layout_height="wrap_content"
            android:layout_gravity="left"
            android:layout_marginRight="10dp"
            android:backgroundTint="#C4C4C4"></Button>
        <Button
            android:layout_width="100dp"
            android:padding="10dp"
            android:hint="로그인"
            android:layout_height="wrap_content"
            android:layout_marginLeft="10dp"
            android:layout_gravity="right"
            android:backgroundTint="#C4C4C4"></Button>


    </LinearLayout>
    <LinearLayout
        android:layout_width="wrap_content"
        android:layout_height="wrap_content"
        android:layout_gravity="center"
        android:layout_marginTop="30dp"
        android:orientation="horizontal">

        <TextView
            android:layout_width="wrap_content"
            android:layout_height="wrap_content"
            android:layout_marginRight="10dp"
            android:layout_gravity="left"
            android:text="아이디 찾기"
            android:textColor="@color/black"></TextView>
        <TextView
            android:layout_width="wrap_content"
            android:layout_height="wrap_content"
            android:layout_marginLeft="10dp"
            android:layout_gravity="right"
            android:text="비밀번호 찾기"
            android:textColor="@color/black"></TextView>

    </LinearLayout>
</LinearLayout>